Label,# Samples,Average,Min,Max,Std. Dev.,Error %,Throughput,Received KB/sec,Sent KB/sec,Avg. Bytes
OrderFiltering,100,476,205,896,175.51,0.000%,56.91520,45.30,60.75,815.0
PortfoliosLoad,100,120,50,320,63.71,0.000%,70.87172,34.12,74.75,493.0
AssetSearch,100,555,333,872,114.33,0.000%,54.28882,50.58,57.58,954.0
PortfolioGrowthPointsLoad,100,259,134,512,92.95,0.000%,71.99424,51.75,78.53,736.0
